Volkswagen,Various,433920000,Rolling Code
Renault,Various,433920000,Rolling Code
Peugeot,Various,433920000,Rolling Code
Toyota,Various,433920000,Rolling Code
Kia,Various,433920000,Rolling Code
Hyundai,Various,433920000,Rolling Code
Porsche,Various,433920000,Smart Key
Skoda,Various,433920000,Rolling Code
Range Rover,Various,433920000,Smart Key
Nissan,Various,433920000,Rolling Code
Mazda,Various,433920000,Rolling Code
Jaguar,Various,433920000,Smart Key
Subaru,Various,433920000,Rolling Code
Seat,Various,433920000,Rolling Code
Mitsubishi,Various,433920000,Rolling Code
Lexus,Various,433920000,Rolling Code
Hyundai,Various,433920000,Smart Key
Ford,Various,433920000,Rolling Code
Kia,Various,433920000,Smart Key
Fiat,Various,433920000,Rolling Code
Volkswagen,Various,433920000,Smart Key
Toyota,Various,433920000,Smart Key
Seat,Various,433920000,Fixed Code
Mitsubishi,Various,433920000,Fixed Code
Kia,Various,433920000,Fixed Code
Hyundai,Various,433920000,Fixed Code
Volkswagen,Various,433920000,Fixed Code
Subaru,Various,433920000,Smart Key
Range Rover,Various,433920000,Fixed Code
Nissan,Various,433920000,Fixed Code
Lexus,Various,433920000,Smart Key
Jaguar,Various,433920000,Fixed Code
Toyota,Various,433920000,Fixed Code
Skoda,Various,433920000,Fixed Code
Renault,Various,433920000,Fixed Code
Porsche,Various,433920000,Rolling Code
Peugeot,Various,433920000,Smart Key
Mazda,Various,433920000,Smart Key
Ford,Various,433920000,Fixed Code
Skoda,Enyaq 2021+,433920000,Smart Key
Renault,Zoe 2019+,433920000,Smart Key
Peugeot,Landtrek 2020+,433920000,Fixed Code
Nissan,Leaf 2019+,433920000,Smart Key
Mazda,2 2018+,433920000,Fixed Code
Jeep,Avenger 2023+,433920000,Smart Key
Fiat,500X 2018+,433920000,Fixed Code
Chevrolet,Various,315000000,Fixed Code
Chevrolet,Various,315000000,Rolling Code
Infiniti,Various,315000000,Smart Key
Dodge,Various,315000000,Fixed Code
Chrysler,Various,315000000,Fixed Code
Cadillac,Various,315000000,Rolling Code
Jeep,Various,315000000,Rolling Code
Ford,Various,315000000,Rolling Code
Acura,Various,315000000,Rolling Code
Nissan,Various,315000000,Smart Key
Jeep,Various,315000000,Fixed Code
Honda,Various,315000000,Rolling Code
Fiat,Various,315000000,Fixed Code
Chrysler,Various,315000000,Rolling Code
Cadillac,Various,315000000,Smart Key
Acura,Various,315000000,Fixed Code
Honda,Various,315000000,Fixed Code
Ford,Various,315000000,Fixed Code
Ford,Various,315000000,Smart Key
Chevrolet,Various,315000000,Smart Key
Toyota,Various,315000000,Fixed Code
Toyota,Various,315000000,Rolling Code
Nissan,Various,315000000,Rolling Code
Nissan,Various,315000000,Fixed Code
Infiniti,Various,315000000,Rolling Code
Infiniti,Various,315000000,Fixed Code
Dodge,Various,315000000,Smart Key
Dodge,Various,315000000,Rolling Code
Volkswagen,Atlas 2020+,315000000,Rolling Code
Subaru,Ascent 2019+,315000000,Rolling Code
Lexus,LX 2019+,315000000,Smart Key
Acura,Integra 2022+,315000000,Smart Key
BMW,Various,868350000,Smart Key
Audi,Various,868350000,Rolling Code
Mercedes,Various,868350000,Smart Key
Mercedes,Various,868350000,Rolling Code
BMW,Various,868350000,Rolling Code
Audi,Various,868350000,Smart Key
Volvo,Various,868350000,Rolling Code
Volvo,Various,868350000,Smart Key
Mercedes-Benz,Sprinter 2018+,868350000,Rolling Code
Honda,Various,433420000,Rolling Code
Honda,Various,433420000,Fixed Code
Honda,Various,433420000,Smart Key